Date,label
1998-05-11,0
1998-05-12,1
1998-05-13,0
1998-05-14,0
1998-05-15,0
1998-05-18,0
1998-05-19,0
1998-05-20,0
1998-05-21,0
1998-05-22,0
1998-05-26,0
1998-05-27,0
1998-05-28,1
1998-05-29,1
1998-06-01,1
1998-06-02,1
1998-06-03,1
1998-06-04,1
1998-06-05,1
1998-06-08,1
1998-06-09,1
1998-06-10,1
1998-06-11,1
1998-06-12,1
1998-06-15,1
1998-06-16,1
1998-06-17,1
1998-06-18,1
1998-06-19,1
1998-06-22,1
1998-06-23,1
1998-06-24,1
1998-06-25,1
1998-06-26,1
1998-06-29,1
1998-06-30,1
1998-07-01,1
1998-07-02,1
1998-07-06,0
1998-07-07,0
1998-07-08,0
1998-07-09,0
1998-07-10,0
1998-07-13,1
1998-07-14,1
1998-07-15,1
1998-07-16,1
1998-07-17,1
1998-07-20,1
1998-07-21,1
1998-07-22,0
1998-07-23,0
1998-07-24,0
1998-07-27,0
1998-07-28,0
1998-07-29,0
1998-07-30,0
1998-07-31,0
1998-08-03,1
1998-08-04,1
1998-08-05,1
1998-08-06,1
1998-08-07,1
1998-08-10,1
1998-08-11,1
1998-08-12,1
1998-08-13,1
1998-08-14,1
1998-08-17,1
1998-08-18,1
1998-08-19,1
1998-08-20,1
1998-08-21,0
1998-08-24,0
1998-08-25,0
1998-08-26,0
1998-08-27,0
1998-08-28,0
1998-08-31,0
1998-09-01,0
1998-09-02,0
1998-09-03,0
1998-09-04,0
1998-09-08,0
1998-09-09,0
1998-09-10,0
1998-09-11,0
1998-09-14,0
1998-09-15,1
1998-09-16,1
1998-09-17,1
1998-09-18,1
1998-09-21,1
1998-09-22,1
1998-09-23,1
1998-09-24,1
1998-09-25,1
1998-09-28,1
1998-09-29,0
1998-09-30,0
1998-10-01,0
1998-10-02,0
1998-10-05,0
1998-10-06,0
1998-10-07,0
1998-10-08,0
1998-10-09,0
1998-10-12,1
1998-10-13,1
1998-10-14,1
1998-10-15,1
1998-10-16,1
1998-10-19,1
1998-10-20,1
1998-10-21,1
1998-10-22,1
1998-10-23,1
1998-10-26,1
1998-10-27,1
1998-10-28,1
1998-10-29,1
1998-10-30,1
1998-11-02,1
1998-11-03,1
1998-11-04,0
1998-11-05,0
1998-11-06,1
1998-11-09,1
1998-11-10,1
1998-11-11,1
1998-11-12,1
1998-11-13,1
1998-11-16,1
1998-11-17,1
1998-11-18,1
1998-11-19,1
1998-11-20,1
1998-11-23,1
1998-11-24,1
1998-11-25,1
1998-11-27,0
1998-11-30,0
1998-12-01,0
1998-12-02,0
1998-12-03,1
1998-12-04,1
1998-12-07,1
1998-12-08,1
1998-12-09,1
1998-12-10,1
1998-12-11,1
1998-12-14,1
1998-12-15,1
1998-12-16,1
1998-12-17,1
1998-12-18,1
1998-12-21,1
1998-12-22,1
1998-12-23,1
1998-12-24,1
1998-12-28,1
1998-12-29,1
1998-12-30,1
1998-12-31,1
1999-01-04,1
1999-01-05,1
1999-01-06,1
1999-01-07,1
1999-01-08,1
1999-01-11,0
1999-01-12,0
1999-01-13,0
1999-01-14,0
1999-01-15,0
1999-01-19,0
1999-01-20,0
1999-01-21,0
1999-01-22,0
1999-01-25,1
1999-01-26,1
1999-01-27,1
1999-01-28,0
1999-01-29,0
1999-02-01,0
1999-02-02,0
1999-02-03,0
1999-02-04,0
1999-02-05,0
1999-02-08,0
1999-02-09,0
1999-02-10,0
1999-02-11,0
1999-02-12,0
1999-02-16,0
1999-02-17,1
1999-02-18,1
1999-02-19,1
1999-02-22,1
1999-02-23,1
1999-02-24,1
1999-02-25,1
1999-02-26,1
1999-03-01,0
1999-03-02,0
1999-03-03,0
1999-03-04,1
1999-03-05,1
1999-03-08,1
1999-03-09,1
1999-03-10,1
1999-03-11,1
1999-03-12,1
1999-03-15,0
1999-03-16,0
1999-03-17,0
1999-03-18,0
1999-03-19,0
1999-03-22,1
1999-03-23,1
1999-03-24,1
1999-03-25,1
1999-03-26,1
1999-03-29,1
1999-03-30,1
1999-03-31,1
1999-04-01,1
1999-04-05,1
1999-04-06,1
1999-04-07,1
1999-04-08,0
1999-04-09,0
1999-04-12,0
1999-04-13,0
1999-04-14,0
1999-04-15,1
1999-04-16,1
1999-04-19,1
1999-04-20,1
1999-04-21,1
1999-04-22,1
1999-04-23,1
1999-04-26,0
1999-04-27,0
1999-04-28,0
1999-04-29,0
1999-04-30,0
1999-05-03,0
1999-05-04,0
1999-05-05,0
1999-05-06,0
1999-05-07,0
1999-05-10,0
1999-05-11,0
1999-05-12,0
1999-05-13,0
1999-05-14,0
1999-05-17,0
1999-05-18,0
1999-05-19,0
1999-05-20,0
1999-05-21,0
1999-05-24,0
1999-05-25,0
1999-05-26,0
1999-05-27,0
1999-05-28,0
1999-06-01,0
1999-06-02,0
1999-06-03,1
1999-06-04,1
1999-06-07,0
1999-06-08,0
1999-06-09,0
1999-06-10,0
1999-06-11,0
1999-06-14,1
1999-06-15,1
1999-06-16,1
1999-06-17,1
1999-06-18,1
1999-06-21,1
1999-06-22,0
1999-06-23,0
1999-06-24,1
1999-06-25,1
1999-06-28,1
1999-06-29,1
1999-06-30,1
1999-07-01,1
1999-07-02,1
1999-07-06,1
1999-07-07,1
1999-07-08,1
1999-07-09,1
1999-07-12,1
1999-07-13,1
1999-07-14,1
1999-07-15,0
1999-07-16,0
1999-07-19,0
1999-07-20,0
1999-07-21,0
1999-07-22,0
1999-07-23,0
1999-07-26,0
1999-07-27,0
1999-07-28,0
1999-07-29,0
1999-07-30,0
1999-08-02,0
1999-08-03,0
1999-08-04,0
1999-08-05,0
1999-08-06,0
1999-08-09,1
1999-08-10,1
1999-08-11,1
1999-08-12,1
1999-08-13,1
1999-08-16,1
1999-08-17,1
1999-08-18,1
1999-08-19,1
1999-08-20,1
1999-08-23,1
1999-08-24,1
1999-08-25,1
1999-08-26,0
1999-08-27,0
1999-08-30,0
1999-08-31,0
1999-09-01,1
1999-09-02,1
1999-09-03,1
1999-09-07,1
1999-09-08,1
1999-09-09,1
1999-09-10,1
1999-09-13,1
1999-09-14,0
1999-09-15,0
1999-09-16,0
1999-09-17,0
1999-09-20,0
1999-09-21,1
1999-09-22,1
1999-09-23,1
1999-09-24,1
1999-09-27,1
1999-09-28,1
1999-09-29,1
1999-09-30,1
1999-10-01,1
1999-10-04,1
1999-10-05,1
1999-10-06,1
1999-10-07,1
1999-10-08,0
1999-10-11,0
1999-10-12,0
1999-10-13,0
1999-10-14,0
1999-10-15,0
1999-10-18,1
1999-10-19,1
1999-10-20,1
1999-10-21,1
1999-10-22,0
1999-10-25,0
1999-10-26,0
1999-10-27,0
1999-10-28,0
1999-10-29,0
1999-11-01,0
1999-11-02,0
1999-11-03,1
1999-11-04,1
1999-11-05,1
1999-11-08,1
1999-11-09,1
1999-11-10,1
1999-11-11,1
1999-11-12,1
1999-11-15,1
1999-11-17,1
1999-11-18,1
1999-11-19,1
1999-11-22,1
1999-11-23,1
1999-11-24,1
1999-11-26,1
1999-11-29,1
1999-11-30,0
1999-12-01,0
1999-12-02,1
1999-12-03,1
1999-12-06,1
1999-12-07,1
1999-12-08,1
1999-12-09,1
1999-12-10,1
1999-12-13,0
1999-12-14,0
1999-12-16,0
1999-12-17,0
1999-12-20,0
1999-12-21,0
1999-12-22,0
1999-12-23,0
1999-12-27,0
1999-12-28,0
1999-12-29,0
1999-12-30,0
1999-12-31,0
2000-01-03,0
2000-01-04,0
2000-01-05,0
2000-01-06,0
2000-01-07,0
2000-01-10,0
2000-01-11,0
2000-01-12,0
2000-01-13,0
2000-01-14,0
2000-01-18,1
2000-01-19,1
2000-01-20,1
2000-01-21,1
2000-01-24,0
2000-01-25,0
2000-01-26,0
2000-01-27,1
2000-01-28,1
2000-01-31,1
2000-02-01,1
2000-02-02,1
2000-02-03,1
2000-02-04,1
2000-02-07,1
2000-02-08,0
2000-02-09,0
2000-02-10,0
2000-02-11,0
2000-02-14,0
2000-02-15,0
2000-02-16,0
2000-02-17,0
2000-02-18,0
2000-02-22,1
2000-02-23,0
2000-02-24,0
2000-02-25,0
2000-02-28,0
2000-02-29,0
2000-03-01,0
2000-03-02,0
2000-03-03,1
2000-03-06,1
2000-03-07,1
2000-03-08,1
2000-03-09,1
2000-03-10,0
2000-03-13,0
2000-03-14,1
2000-03-15,1
2000-03-16,1
2000-03-17,1
2000-03-20,1
2000-03-21,1
2000-03-22,1
2000-03-23,1
2000-03-24,0
2000-03-27,0
2000-03-28,0
2000-03-29,0
2000-03-30,0
2000-03-31,0
2000-04-03,0
2000-04-04,0
2000-04-05,0
2000-04-06,0
2000-04-07,0
2000-04-10,0
2000-04-11,0
2000-04-12,0
2000-04-13,0
2000-04-14,0
2000-04-17,1
2000-04-18,1
2000-04-19,1
2000-04-20,1
2000-04-24,1
2000-04-25,1
2000-04-26,1
2000-04-27,1
2000-04-28,1
2000-05-01,1
2000-05-02,1
2000-05-03,1
2000-05-04,0
2000-05-05,0
2000-05-08,0
2000-05-09,0
2000-05-10,1
2000-05-11,1
2000-05-12,1
2000-05-15,1
2000-05-16,0
2000-05-17,0
2000-05-18,0
2000-05-19,0
2000-05-22,0
2000-05-23,0
2000-05-24,0
2000-05-25,1
2000-05-26,1
2000-05-30,1
2000-05-31,1
2000-06-01,1
2000-06-02,1
2000-06-05,0
2000-06-06,0
2000-06-07,0
2000-06-08,0
2000-06-09,0
2000-06-12,0
2000-06-13,0
2000-06-14,0
2000-06-15,0
2000-06-16,0
2000-06-19,0
2000-06-20,0
2000-06-21,0
2000-06-22,0
2000-06-23,0
2000-06-26,0
2000-06-27,0
2000-06-28,0
2000-06-29,1
2000-06-30,0
2000-07-03,0
2000-07-05,0
2000-07-06,0
2000-07-07,0
2000-07-10,1
2000-07-11,1
2000-07-12,1
2000-07-13,1
2000-07-14,1
2000-07-17,1
2000-07-18,1
2000-07-19,0
2000-07-20,0
2000-07-21,0
2000-07-24,0
2000-07-25,0
2000-07-26,0
2000-07-27,0
2000-07-28,0
2000-07-31,0
2000-08-01,1
2000-08-02,1
2000-08-03,1
2000-08-04,1
2000-08-07,1
2000-08-08,1
2000-08-09,1
2000-08-10,1
2000-08-11,1
2000-08-14,1
2000-08-15,1
2000-08-16,1
2000-08-17,1
2000-08-18,1
2000-08-21,1
2000-08-22,1
2000-08-23,1
2000-08-24,1
2000-08-25,1
2000-08-28,1
2000-08-29,1
2000-08-30,1
2000-08-31,1
2000-09-01,1
2000-09-05,1
2000-09-06,0
2000-09-07,0
2000-09-08,0
2000-09-11,0
2000-09-12,0
2000-09-13,0
2000-09-14,0
2000-09-15,0
2000-09-18,0
2000-09-19,0
2000-09-20,0
2000-09-21,0
2000-09-22,0
2000-09-25,0
2000-09-26,0
2000-09-27,0
2000-09-28,0
2000-09-29,0
2000-10-02,0
2000-10-03,0
2000-10-04,0
2000-10-05,0
2000-10-06,0
2000-10-09,0
2000-10-10,0
2000-10-11,0
2000-10-12,0
2000-10-13,0
2000-10-16,0
2000-10-17,1
2000-10-18,1
2000-10-19,1
2000-10-20,1
2000-10-23,1
2000-10-24,1
2000-10-25,1
2000-10-26,1
2000-10-27,1
2000-10-30,1
2000-10-31,1
2000-11-01,1
2000-11-02,0
2000-11-03,0
2000-11-06,0
2000-11-07,0
2000-11-08,0
2000-11-09,0
2000-11-10,0
2000-11-13,0
2000-11-14,0
2000-11-15,0
2000-11-16,0
2000-11-17,0
2000-11-20,0
2000-11-21,0
2000-11-22,1
2000-11-24,0
2000-11-27,0
2000-11-28,0
2000-11-29,0
2000-11-30,0
2000-12-01,0
2000-12-04,0
2000-12-05,0
2000-12-06,0
2000-12-07,0
2000-12-08,1
2000-12-11,0
2000-12-12,0
2000-12-13,0
2000-12-14,0
2000-12-15,0
2000-12-18,0
2000-12-19,0
2000-12-20,0
2000-12-21,0
2000-12-22,0
2000-12-26,0
2000-12-27,0
2000-12-28,0
2000-12-29,0
2001-01-02,0
2001-01-03,0
2001-01-04,0
2001-01-05,1
2001-01-08,1
2001-01-09,1
2001-01-10,1
2001-01-11,1
2001-01-12,1
2001-01-16,1
2001-01-17,1
2001-01-18,1
2001-01-19,1
2001-01-22,1
2001-01-23,1
2001-01-24,0
2001-01-25,0
2001-01-26,0
2001-01-29,0
2001-01-30,0
2001-01-31,0
2001-02-01,0
2001-02-02,0
2001-02-05,0
2001-02-06,0
2001-02-07,0
2001-02-08,0
2001-02-09,0
2001-02-12,0
2001-02-13,0
2001-02-14,0
2001-02-15,0
2001-02-16,0
2001-02-20,0
2001-02-21,0
2001-02-22,0
2001-02-23,0
2001-02-26,0
2001-02-27,0
2001-02-28,0
2001-03-01,1
2001-03-02,1
2001-03-05,1
2001-03-06,1
2001-03-07,0
2001-03-08,0
2001-03-09,0
2001-03-12,0
2001-03-13,0
2001-03-14,0
2001-03-15,0
2001-03-16,0
2001-03-19,0
2001-03-20,0
2001-03-21,1
2001-03-22,1
2001-03-23,1
2001-03-26,1
2001-03-27,0
2001-03-28,0
2001-03-29,0
2001-03-30,0
2001-04-02,0
2001-04-03,1
2001-04-04,1
2001-04-05,1
2001-04-06,1
2001-04-09,1
2001-04-10,1
2001-04-11,1
2001-04-12,1
2001-04-16,1
2001-04-17,1
2001-04-18,1
2001-04-19,1
2001-04-20,1
2001-04-23,0
2001-04-24,0
2001-04-25,1
2001-04-26,1
2001-04-27,1
2001-04-30,1
2001-05-01,1
2001-05-02,1
2001-05-03,0
2001-05-04,0
2001-05-07,0
2001-05-08,0
2001-05-09,0
2001-05-10,0
2001-05-11,0
2001-05-14,0
2001-05-15,1
2001-05-16,1
2001-05-17,1
2001-05-18,1
2001-05-21,1
2001-05-22,1
2001-05-23,1
2001-05-24,1
2001-05-25,1
2001-05-29,0
2001-05-30,1
2001-05-31,0
2001-06-01,0
2001-06-04,0
2001-06-05,0
2001-06-06,0
2001-06-07,0
2001-06-08,0
2001-06-11,0
2001-06-12,0
2001-06-13,0
2001-06-14,0
2001-06-15,0
2001-06-18,0
2001-06-19,1
2001-06-20,1
2001-06-21,1
2001-06-22,1
2001-06-25,1
2001-06-26,1
2001-06-27,1
2001-06-28,1
2001-06-29,1
2001-07-02,1
2001-07-03,1
2001-07-05,1
2001-07-06,1
2001-07-09,1
2001-07-10,1
2001-07-11,1
2001-07-12,1
2001-07-13,1
2001-07-16,1
2001-07-17,0
2001-07-18,0
2001-07-19,0
2001-07-20,0
2001-07-23,0
2001-07-24,0
2001-07-25,0
2001-07-26,0
2001-07-27,0
2001-07-30,1
2001-07-31,0
2001-08-01,0
2001-08-02,0
2001-08-03,0
2001-08-06,0
2001-08-07,0
2001-08-08,0
2001-08-09,0
2001-08-10,0
2001-08-13,0
2001-08-14,0
2001-08-15,0
2001-08-16,0
2001-08-17,0
2001-08-20,0
2001-08-21,0
2001-08-22,0
2001-08-23,0
2001-08-24,0
2001-08-27,0
2001-08-28,0
2001-08-29,0
2001-08-30,0
2001-08-31,0
2001-09-04,0
2001-09-05,0
2001-09-06,0
2001-09-07,0
2001-09-10,0
2001-09-17,0
2001-09-18,0
2001-09-19,0
2001-09-20,0
2001-09-21,0
2001-09-24,0
2001-09-25,0
2001-09-26,0
2001-09-27,0
2001-09-28,1
2001-10-01,1
2001-10-02,1
2001-10-03,1
2001-10-04,1
2001-10-05,1
2001-10-08,1
2001-10-09,1
2001-10-10,1
2001-10-11,1
2001-10-12,1
2001-10-15,1
2001-10-16,1
2001-10-17,0
2001-10-18,0
2001-10-19,0
2001-10-22,0
2001-10-23,0
2001-10-24,0
2001-10-25,0
2001-10-26,0
2001-10-29,0
2001-10-30,0
2001-10-31,0
2001-11-01,1
2001-11-02,1
2001-11-05,1
2001-11-06,1
2001-11-07,1
2001-11-08,1
2001-11-09,1
2001-11-12,1
2001-11-13,1
2001-11-14,1
2001-11-15,1
2001-11-16,1
2001-11-19,1
2001-11-20,1
2001-11-21,1
2001-11-23,1
2001-11-26,1
2001-11-27,1
2001-11-28,1
2001-11-29,1
2001-11-30,1
2001-12-03,1
2001-12-04,1
2001-12-05,1
2001-12-06,1
2001-12-07,0
2001-12-10,0
2001-12-11,0
2001-12-12,0
2001-12-13,0
2001-12-14,0
2001-12-17,0
2001-12-18,0
2001-12-19,0
2001-12-20,0
2001-12-21,1
2001-12-24,1
2001-12-26,1
2001-12-27,1
2001-12-28,1
2001-12-31,1
2002-01-02,1
2002-01-03,1
2002-01-04,1
2002-01-07,0
2002-01-08,0
2002-01-09,0
2002-01-10,0
2002-01-11,0
2002-01-14,0
2002-01-15,1
2002-01-16,1
2002-01-17,1
2002-01-18,1
2002-01-22,1
2002-01-23,1
2002-01-24,1
2002-01-25,1
2002-01-28,0
2002-01-29,0
2002-01-30,0
2002-01-31,0
2002-02-01,0
2002-02-04,0
2002-02-05,0
2002-02-06,1
2002-02-07,1
2002-02-08,1
2002-02-11,1
2002-02-12,1
2002-02-13,1
2002-02-14,0
2002-02-15,0
2002-02-19,1
2002-02-20,1
2002-02-21,1
2002-02-22,1
2002-02-25,1
2002-02-26,1
2002-02-27,1
2002-02-28,1
2002-03-01,1
2002-03-04,1
2002-03-05,1
2002-03-06,1
2002-03-07,0
2002-03-08,0
2002-03-11,0
2002-03-12,0
2002-03-13,0
2002-03-14,0
2002-03-15,0
2002-03-18,0
2002-03-19,1
2002-03-20,1
2002-03-21,1
2002-03-22,0
2002-03-25,0
2002-03-26,0
2002-03-27,0
2002-03-28,0
2002-04-01,0
2002-04-02,0
2002-04-03,0
2002-04-04,0
2002-04-05,0
2002-04-08,0
2002-04-09,0
2002-04-10,1
2002-04-11,1
2002-04-12,1
2002-04-15,1
2002-04-16,1
2002-04-17,1
2002-04-18,1
2002-04-19,1
2002-04-22,1
2002-04-23,1
2002-04-24,1
2002-04-25,1
2002-04-26,1
2002-04-29,1
2002-04-30,0
2002-05-01,0
2002-05-02,1
2002-05-03,1
2002-05-06,1
2002-05-07,1
2002-05-08,1
2002-05-09,1
2002-05-10,1
2002-05-13,1
2002-05-14,1
2002-05-15,1
2002-05-16,1
2002-05-17,1
2002-05-20,0
2002-05-21,0
2002-05-22,0
2002-05-23,0
2002-05-24,0
2002-05-28,0
2002-05-29,0
2002-05-30,0
2002-05-31,0
2002-06-03,0
2002-06-04,0
2002-06-05,0
2002-06-06,0
2002-06-07,0
2002-06-10,0
2002-06-11,0
2002-06-12,1
2002-06-13,1
2002-06-14,1
2002-06-17,1
2002-06-18,0
2002-06-19,0
2002-06-20,0
2002-06-21,0
2002-06-24,0
2002-06-25,0
2002-06-26,0
2002-06-27,0
2002-06-28,0
2002-07-01,0
2002-07-02,1
2002-07-03,1
2002-07-05,1
2002-07-08,1
2002-07-09,1
2002-07-10,1
2002-07-11,1
2002-07-12,1
2002-07-15,1
2002-07-16,0
2002-07-17,0
2002-07-18,0
2002-07-19,0
2002-07-22,0
2002-07-23,0
2002-07-24,0
2002-07-25,0
2002-07-26,1
2002-07-29,1
2002-07-30,1
2002-07-31,0
2002-08-01,0
2002-08-02,0
2002-08-05,0
2002-08-06,1
2002-08-07,1
2002-08-08,1
2002-08-09,1
2002-08-12,1
2002-08-13,1
2002-08-16,1
2002-08-19,1
2002-08-20,1
2002-08-21,0
2002-08-22,0
2002-08-23,0
2002-08-26,0
2002-08-27,0
2002-08-28,0
2002-08-29,0
2002-08-30,1
2002-09-03,1
2002-09-04,1
2002-09-05,1
2002-09-06,1
2002-09-09,1
2002-09-10,1
2002-09-11,1
2002-09-12,1
2002-09-13,1
2002-09-17,0
2002-09-18,0
2002-09-19,0
2002-09-20,0
2002-09-23,0
2002-09-24,0
2002-09-25,1
2002-09-26,1
2002-09-27,1
2002-09-30,1
2002-10-01,1
2002-10-02,0
2002-10-03,1
2002-10-04,1
2002-10-07,1
2002-10-08,1
2002-10-09,1
2002-10-10,1
2002-10-11,1
2002-10-14,1
2002-10-15,1
2002-10-16,1
2002-10-17,1
2002-10-18,1
2002-10-21,1
2002-10-22,1
2002-10-23,0
2002-10-24,0
2002-10-25,0
2002-10-28,0
2002-10-29,0
2002-10-30,1
2002-10-31,1
2002-11-01,1
2002-11-04,1
2002-11-05,1
2002-11-06,1
2002-11-07,1
2002-11-08,1
2002-11-11,1
2002-11-12,1
2002-11-13,1
2002-11-14,1
2002-11-15,1
2002-11-18,1
2002-11-19,1
2002-11-20,1
2002-11-21,1
2002-11-22,1
2002-11-25,1
2002-11-26,1
2002-11-27,0
2002-11-29,0
2002-12-02,0
2002-12-03,0
2002-12-04,0
2002-12-05,0
2002-12-06,0
2002-12-09,0
2002-12-10,0
2002-12-11,1
2002-12-12,1
2002-12-13,1
2002-12-16,0
2002-12-17,0
2002-12-18,0
2002-12-19,0
2002-12-20,0
2002-12-23,0
2002-12-24,0
2002-12-26,0
2002-12-27,0
2002-12-30,0
2002-12-31,1
2003-01-02,1
2003-01-03,1
2003-01-06,1
2003-01-07,1
2003-01-08,1
2003-01-09,1
2003-01-10,1
2003-01-13,1
2003-01-14,0
2003-01-15,0
2003-01-16,0
2003-01-17,0
2003-01-21,0
2003-01-22,1
2003-01-23,1
2003-01-24,1
2003-01-27,1
2003-01-28,1
2003-01-29,1
2003-01-30,1
2003-01-31,1
2003-02-03,0
2003-02-04,0
2003-02-05,0
2003-02-06,0
2003-02-07,0
2003-02-10,0
2003-02-11,0
2003-02-12,0
2003-02-13,1
2003-02-14,1
2003-02-18,1
2003-02-19,1
2003-02-20,1
2003-02-21,1
2003-02-24,1
2003-02-25,1
2003-02-26,1
2003-02-27,1
2003-02-28,1
2003-03-03,1
2003-03-04,1
2003-03-05,1
2003-03-06,1
2003-03-07,1
2003-03-10,1
2003-03-11,1
2003-03-12,1
2003-03-13,1
2003-03-14,1
2003-03-17,1
2003-03-18,1
2003-03-19,1
2003-03-20,1
2003-03-21,1
2003-03-24,1
2003-03-25,0
2003-03-26,0
2003-03-27,0
2003-03-28,0
2003-03-31,0
2003-04-01,0
2003-04-02,0
2003-04-03,0
2003-04-04,0
2003-04-07,0
2003-04-08,0
2003-04-09,0
2003-04-10,0
2003-04-11,0
2003-04-14,0
2003-04-15,0
2003-04-16,1
2003-04-17,1
2003-04-21,1
2003-04-22,1
2003-04-23,1
2003-04-24,1
2003-04-25,1
2003-04-28,1
2003-04-29,1
2003-04-30,1
2003-05-01,1
2003-05-02,1
2003-05-05,1
2003-05-06,1
2003-05-07,1
2003-05-08,1
2003-05-09,1
2003-05-12,1
2003-05-13,1
2003-05-14,1
2003-05-15,0
2003-05-16,0
2003-05-19,1
2003-05-20,1
2003-05-21,1
2003-05-22,1
2003-05-23,1
2003-05-27,1
2003-05-28,1
2003-05-29,1
2003-05-30,1
2003-06-02,0
2003-06-03,0
2003-06-04,0
2003-06-05,0
2003-06-06,0
2003-06-09,1
2003-06-10,1
2003-06-11,1
2003-06-12,1
2003-06-13,1
2003-06-16,1
2003-06-17,1
2003-06-18,1
2003-06-19,1
2003-06-20,1
2003-06-23,1
2003-06-24,1
2003-06-25,1
2003-06-26,1
2003-06-27,1
2003-06-30,1
2003-07-01,1
2003-07-02,1
2003-07-03,1
2003-07-07,1
2003-07-08,1
2003-07-09,0
2003-07-10,0
2003-07-11,0
2003-07-14,0
2003-07-15,0
2003-07-16,0
2003-07-17,0
2003-07-18,1
2003-07-21,1
2003-07-22,1
2003-07-23,1
2003-07-24,1
2003-07-25,1
2003-07-28,1
2003-07-29,0
2003-07-30,0
2003-07-31,0
2003-08-01,0
2003-08-04,0
2003-08-05,0
2003-08-06,0
2003-08-07,1
2003-08-08,1
2003-08-11,1
2003-08-12,1
2003-08-13,1
2003-08-14,1
2003-08-15,1
2003-08-18,1
2003-08-19,1
2003-08-20,1
2003-08-21,1
2003-08-22,1
2003-08-25,1
2003-08-26,1
2003-08-27,1
2003-08-28,1
2003-08-29,1
2003-09-02,1
2003-09-03,1
2003-09-04,0
2003-09-05,0
2003-09-08,0
2003-09-09,0
2003-09-10,0
2003-09-11,0
2003-09-12,1
2003-09-15,1
2003-09-16,1
2003-09-17,1
2003-09-18,1
2003-09-19,1
2003-09-22,1
2003-09-23,1
2003-09-24,1
2003-09-25,1
2003-09-26,1
2003-09-29,1
2003-09-30,1
2003-10-01,1
2003-10-02,1
2003-10-03,1
2003-10-06,1
2003-10-07,1
2003-10-08,1
2003-10-09,1
2003-10-10,1
2003-10-13,1
2003-10-14,1
2003-10-15,0
2003-10-16,0
2003-10-17,0
2003-10-20,0
2003-10-21,0
2003-10-22,0
2003-10-23,0
2003-10-24,0
2003-10-27,1
2003-10-28,1
2003-10-29,1
2003-10-30,1
2003-10-31,1
2003-11-03,0
2003-11-04,0
2003-11-05,0
2003-11-06,0
2003-11-07,0
2003-11-10,0
2003-11-11,0
2003-11-12,0
2003-11-13,0
2003-11-14,0
2003-11-17,0
2003-11-18,0
2003-11-19,0
2003-11-20,1
2003-11-21,1
2003-11-24,1
2003-11-25,1
2003-11-26,1
2003-11-28,1
2003-12-01,0
2003-12-02,0
2003-12-03,0
2003-12-04,0
2003-12-05,0
2003-12-08,0
2003-12-09,0
2003-12-10,0
2003-12-11,0
2003-12-12,0
2003-12-15,0
2003-12-16,0
2003-12-17,1
2003-12-18,1
2003-12-19,1
2003-12-22,1
2003-12-23,1
2003-12-24,1
2003-12-26,1
2003-12-29,1
2003-12-30,0
2003-12-31,0
2004-01-02,0
2004-01-05,0
2004-01-06,0
2004-01-07,1
2004-01-08,1
2004-01-09,1
2004-01-12,1
2004-01-13,1
2004-01-14,1
2004-01-15,1
2004-01-16,1
2004-01-20,1
2004-01-21,0
2004-01-22,0
2004-01-23,0
2004-01-26,0
2004-01-27,0
2004-01-28,0
2004-01-29,0
2004-01-30,0
2004-02-02,0
2004-02-03,0
2004-02-04,0
2004-02-05,0
2004-02-06,1
2004-02-09,1
2004-02-10,1
2004-02-11,0
2004-02-12,0
2004-02-13,0
2004-02-17,0
2004-02-18,0
2004-02-19,0
2004-02-20,0
2004-02-23,0
2004-02-24,0
2004-02-25,0
2004-02-26,0
2004-02-27,1
2004-03-01,1
2004-03-02,1
2004-03-03,1
2004-03-04,0
2004-03-05,0
2004-03-08,0
2004-03-09,0
2004-03-10,0
2004-03-11,0
2004-03-12,1
2004-03-15,1
2004-03-16,1
2004-03-17,0
2004-03-18,0
2004-03-19,0
2004-03-22,0
2004-03-23,1
2004-03-24,1
2004-03-25,1
2004-03-26,1
2004-03-29,1
2004-03-30,1
2004-03-31,1
2004-04-01,1
2004-04-02,1
2004-04-05,1
2004-04-06,1
2004-04-07,1
2004-04-08,1
2004-04-12,0
2004-04-13,0
2004-04-14,0
2004-04-15,0
2004-04-16,0
2004-04-19,1
2004-04-20,1
2004-04-21,1
2004-04-22,1
2004-04-23,0
2004-04-26,0
2004-04-27,0
2004-04-28,0
2004-04-29,0
2004-04-30,0
2004-05-03,0
2004-05-04,0
2004-05-05,0
2004-05-06,0
2004-05-07,0
2004-05-10,0
2004-05-11,1
2004-05-12,1
2004-05-13,0
2004-05-14,0
2004-05-17,0
2004-05-18,0
2004-05-19,0
2004-05-20,1
2004-05-21,1
2004-05-24,1
2004-05-25,1
2004-05-26,1
2004-05-27,1
2004-05-28,1
2004-06-01,1
2004-06-02,1
2004-06-03,1
2004-06-04,1
2004-06-07,0
2004-06-08,0
2004-06-09,0
2004-06-10,0
2004-06-14,0
2004-06-15,0
2004-06-16,0
2004-06-17,1
2004-06-18,1
2004-06-21,1
2004-06-22,1
2004-06-23,1
2004-06-24,1
2004-06-25,1
2004-06-28,1
2004-06-29,1
2004-06-30,0
2004-07-01,0
2004-07-02,0
2004-07-06,0
2004-07-07,0
2004-07-08,0
2004-07-09,0
2004-07-12,0
2004-07-13,0
2004-07-14,0
2004-07-15,0
2004-07-16,0
2004-07-19,0
2004-07-20,0
2004-07-21,0
2004-07-22,0
2004-07-23,0
2004-07-26,0
2004-07-27,0
2004-07-28,0
2004-07-29,0
2004-07-30,0
2004-08-02,0
2004-08-03,0
2004-08-04,0
2004-08-05,0
2004-08-06,0
2004-08-09,1
2004-08-10,1
2004-08-11,1
2004-08-12,1
2004-08-13,1
2004-08-16,1
2004-08-17,1
2004-08-18,1
2004-08-19,1
2004-08-20,1
2004-08-23,1
2004-08-24,1
2004-08-25,0
2004-08-26,0
2004-08-27,0
2004-08-30,0
2004-08-31,0
2004-09-01,0
2004-09-02,0
2004-09-03,1
2004-09-07,1
2004-09-08,1
2004-09-09,1
2004-09-10,1
2004-09-13,1
2004-09-14,1
2004-09-15,1
2004-09-16,1
2004-09-17,1
2004-09-20,0
2004-09-21,0
2004-09-22,0
2004-09-23,0
2004-09-24,0
2004-09-27,0
2004-09-28,1
2004-09-29,1
2004-09-30,1
2004-10-01,1
2004-10-04,1
2004-10-05,0
2004-10-06,0
2004-10-07,0
2004-10-08,0
2004-10-11,0
2004-10-12,0
2004-10-13,0
2004-10-14,0
2004-10-15,0
2004-10-18,0
2004-10-19,0
2004-10-20,0
2004-10-21,0
2004-10-22,0
2004-10-25,0
2004-10-26,0
2004-10-27,0
2004-10-28,1
2004-10-29,1
2004-11-01,1
2004-11-02,1
2004-11-03,1
2004-11-04,1
2004-11-05,1
2004-11-08,1
2004-11-09,1
2004-11-10,1
2004-11-11,1
2004-11-12,1
2004-11-15,1
2004-11-16,0
2004-11-17,0
2004-11-18,0
2004-11-19,0
2004-11-22,0
2004-11-23,1
2004-11-24,1
2004-11-26,1
2004-11-29,1
2004-11-30,1
2004-12-01,1
2004-12-02,0
2004-12-03,0
2004-12-06,0
2004-12-07,0
2004-12-08,1
2004-12-09,1
2004-12-10,1
2004-12-13,1
2004-12-14,1
2004-12-15,0
2004-12-16,0
2004-12-17,0
2004-12-20,1
2004-12-21,1
2004-12-22,1
2004-12-23,1
2004-12-27,1
2004-12-28,1
2004-12-29,1
2004-12-30,0
2004-12-31,0
2005-01-03,0
2005-01-04,0
2005-01-05,0
2005-01-06,0
2005-01-07,1
2005-01-10,1
2005-01-11,1
2005-01-12,1
2005-01-13,1
2005-01-14,0
2005-01-18,0
2005-01-19,0
2005-01-20,0
2005-01-21,0
2005-01-24,0
2005-01-25,1
2005-01-26,1
2005-01-27,0
2005-01-28,0
2005-01-31,0
2005-02-01,0
2005-02-02,0
2005-02-03,0
2005-02-04,0
2005-02-07,0
2005-02-08,0
2005-02-09,1
2005-02-10,0
2005-02-11,0
2005-02-14,0
2005-02-15,0
2005-02-16,0
2005-02-17,0
2005-02-18,0
2005-02-22,0
2005-02-23,1
2005-02-24,1
2005-02-25,1
2005-02-28,1
2005-03-01,1
2005-03-02,1
2005-03-03,1
2005-03-04,0
2005-03-07,0
2005-03-08,0
2005-03-09,0
2005-03-10,0
2005-03-11,0
2005-03-14,0
2005-03-15,0
2005-03-16,0
2005-03-17,0
2005-03-18,0
2005-03-21,0
2005-03-22,0
2005-03-23,1
2005-03-24,1
2005-03-28,1
2005-03-29,1
2005-03-30,1
2005-03-31,1
2005-04-01,1
2005-04-04,1
2005-04-05,1
2005-04-06,0
2005-04-07,0
2005-04-08,0
2005-04-11,0
2005-04-12,0
2005-04-13,0
2005-04-14,0
2005-04-15,0
2005-04-18,0
2005-04-19,0
2005-04-20,0
2005-04-21,0
2005-04-22,0
2005-04-25,0
2005-04-26,0
2005-04-27,1
2005-04-28,1
2005-04-29,1
2005-05-02,1
2005-05-03,1
2005-05-04,1
2005-05-05,1
2005-05-06,1
2005-05-09,1
2005-05-10,0
2005-05-11,1
2005-05-12,1
2005-05-13,1
2005-05-16,1
2005-05-17,1
2005-05-18,1
2005-05-19,1
2005-05-20,1
2005-05-23,1
2005-05-24,1
2005-05-25,1
2005-05-26,1
2005-05-27,1
2005-05-31,1
2005-06-01,0
2005-06-02,0
2005-06-03,0
2005-06-06,0
2005-06-07,0
2005-06-08,0
2005-06-09,0
2005-06-10,0
2005-06-13,1
2005-06-14,1
2005-06-15,1
2005-06-16,1
2005-06-17,1
2005-06-20,0
2005-06-21,0
2005-06-22,0
2005-06-23,0
2005-06-24,0
2005-06-27,0
2005-06-28,0
2005-06-29,0
2005-06-30,1
2005-07-01,1
2005-07-05,1
2005-07-06,1
2005-07-07,1
2005-07-08,1
2005-07-11,1
2005-07-12,1
2005-07-13,1
2005-07-14,1
2005-07-15,1
2005-07-18,1
2005-07-19,1
2005-07-20,1
2005-07-21,1
2005-07-22,1
2005-07-25,1
2005-07-26,1
2005-07-27,1
2005-07-28,1
2005-07-29,1
2005-08-01,1
2005-08-02,1
2005-08-03,0
2005-08-04,0
2005-08-05,0
2005-08-08,0
2005-08-09,0
2005-08-10,0
2005-08-11,0
2005-08-12,0
2005-08-15,0
2005-08-16,0
2005-08-17,0
2005-08-18,0
2005-08-19,0
2005-08-22,0
2005-08-23,0
2005-08-24,0
2005-08-25,0
2005-08-26,0
2005-08-29,0
2005-08-30,1
2005-08-31,1
2005-09-01,1
2005-09-02,1
2005-09-06,1
2005-09-07,1
2005-09-08,1
2005-09-09,1
2005-09-12,0
2005-09-13,0
2005-09-14,0
2005-09-15,0
2005-09-16,0
2005-09-19,0
2005-09-20,0
2005-09-21,1
2005-09-22,1
2005-09-23,1
2005-09-26,1
2005-09-27,1
2005-09-28,1
2005-09-29,1
2005-09-30,1
2005-10-03,0
2005-10-04,0
2005-10-05,0
2005-10-06,0
2005-10-07,0
2005-10-10,0
2005-10-11,0
2005-10-12,1
2005-10-13,1
2005-10-14,1
2005-10-17,1
2005-10-18,1
2005-10-19,1
2005-10-20,0
2005-10-21,0
2005-10-24,0
2005-10-25,0
2005-10-26,0
2005-10-27,0
2005-10-28,0
2005-10-31,1
2005-11-01,1
2005-11-02,1
2005-11-03,1
2005-11-04,1
2005-11-07,1
2005-11-08,1
2005-11-09,1
2005-11-10,1
2005-11-11,1
2005-11-14,1
2005-11-15,1
2005-11-16,1
2005-11-17,1
2005-11-18,1
2005-11-21,1
2005-11-22,1
2005-11-23,1
2005-11-25,1
2005-11-28,1
2005-11-29,1
2005-11-30,1
2005-12-01,1
2005-12-02,1
2005-12-05,1
2005-12-06,0
2005-12-07,1
2005-12-08,1
2005-12-09,1
2005-12-12,1
2005-12-13,1
2005-12-14,0
2005-12-15,0
2005-12-16,0
2005-12-19,0
2005-12-20,0
2005-12-21,0
2005-12-22,0
2005-12-23,0
2005-12-27,0
2005-12-28,0
2005-12-29,0
2005-12-30,0
2006-01-03,0
2006-01-04,0
2006-01-05,0
2006-01-06,0
2006-01-09,0
2006-01-10,0
2006-01-11,0
2006-01-12,0
2006-01-13,0
2006-01-17,0
2006-01-18,0
2006-01-19,0
2006-01-20,1
2006-01-23,1
2006-01-24,1
2006-01-25,1
2006-01-26,1
2006-01-27,0
2006-01-30,0
2006-01-31,0
2006-02-01,0
2006-02-02,0
2006-02-03,0
2006-02-06,0
2006-02-07,0
2006-02-08,0
2006-02-09,1
2006-02-10,1
2006-02-13,1
2006-02-14,1
2006-02-15,1
2006-02-16,0
2006-02-17,0
2006-02-21,0
2006-02-22,0
2006-02-23,0
2006-02-24,0
2006-02-27,0
2006-02-28,0
2006-03-01,0
2006-03-02,0
2006-03-03,0
2006-03-06,0
2006-03-07,0
2006-03-08,0
2006-03-09,0
2006-03-10,0
2006-03-13,1
2006-03-14,0
2006-03-15,0
2006-03-16,0
2006-03-17,0
2006-03-20,0
2006-03-21,0
2006-03-22,0
2006-03-23,0
2006-03-24,1
2006-03-27,1
2006-03-28,1
2006-03-29,1
2006-03-30,1
2006-03-31,1
2006-04-03,1
2006-04-04,1
2006-04-05,1
2006-04-06,0
2006-04-07,0
2006-04-10,0
2006-04-11,0
2006-04-12,0
2006-04-13,0
2006-04-17,1
2006-04-18,1
2006-04-19,0
2006-04-20,0
2006-04-21,0
2006-04-24,0
2006-04-25,0
2006-04-26,0
2006-04-27,0
2006-04-28,0
2006-05-01,0
2006-05-02,0
2006-05-03,0
2006-05-04,0
2006-05-05,0
2006-05-08,0
2006-05-09,0
2006-05-10,0
2006-05-11,0
2006-05-12,0
2006-05-15,0
2006-05-16,1
2006-05-17,1
2006-05-18,1
2006-05-19,1
2006-05-22,1
2006-05-23,1
2006-05-24,1
2006-05-25,1
2006-05-26,0
2006-05-30,0
2006-05-31,0
2006-06-01,0
2006-06-02,0
2006-06-05,0
2006-06-06,0
2006-06-07,0
2006-06-08,1
2006-06-09,1
2006-06-12,1
2006-06-13,1
2006-06-14,1
2006-06-15,1
2006-06-16,1
2006-06-19,1
2006-06-20,1
2006-06-21,1
2006-06-22,1
2006-06-23,1
2006-06-26,1
2006-06-27,1
2006-06-28,1
2006-06-29,1
2006-06-30,0
2006-07-03,0
2006-07-05,0
2006-07-06,0
2006-07-07,0
2006-07-10,0
2006-07-11,0
2006-07-12,0
2006-07-13,0
2006-07-14,0
2006-07-17,0
2006-07-18,1
2006-07-19,0
2006-07-20,0
2006-07-21,0
2006-07-24,0
2006-07-25,0
2006-07-26,0
2006-07-27,0
2006-07-28,0
2006-07-31,0
2006-08-01,1
2006-08-02,1
2006-08-03,0
2006-08-04,0
2006-08-07,0
2006-08-08,0
2006-08-09,1
2006-08-10,1
2006-08-11,1
2006-08-14,1
2006-08-15,1
2006-08-16,1
2006-08-17,1
2006-08-18,1
2006-08-21,0
2006-08-22,0
2006-08-23,1
2006-08-24,1
2006-08-25,1
2006-08-28,1
2006-08-29,1
2006-08-30,1
2006-08-31,1
2006-09-01,1
2006-09-05,0
2006-09-06,0
2006-09-07,1
2006-09-08,1
2006-09-11,1
2006-09-12,1
2006-09-13,1
2006-09-14,1
2006-09-15,0
2006-09-18,0
2006-09-19,0
2006-09-20,0
2006-09-21,1
2006-09-22,1
2006-09-25,1
2006-09-26,1
2006-09-27,1
2006-09-28,1
2006-09-29,1
2006-10-02,1
2006-10-03,1
2006-10-04,1
2006-10-05,1
2006-10-06,1
2006-10-09,1
2006-10-10,1
2006-10-11,0
2006-10-12,0
2006-10-13,0
2006-10-16,0
2006-10-17,0
2006-10-18,1
2006-10-19,1
2006-10-20,1
2006-10-23,1
2006-10-24,1
2006-10-25,1
2006-10-26,1
2006-10-27,1
2006-10-30,1
2006-10-31,0
2006-11-01,1
2006-11-02,1
2006-11-03,1
2006-11-06,1
2006-11-07,1
2006-11-08,1
2006-11-09,1
2006-11-10,1
2006-11-13,1
2006-11-14,1
2006-11-15,1
2006-11-16,1
2006-11-17,1
2006-11-20,0
2006-11-21,0
2006-11-22,0
2006-11-24,0
2006-11-27,0
2006-11-28,0
2006-11-29,0
2006-11-30,0
2006-12-01,0
2006-12-04,0
2006-12-05,0
2006-12-06,0
2006-12-07,0
2006-12-08,1
2006-12-11,1
2006-12-12,1
2006-12-13,1
2006-12-14,1
2006-12-15,1
2006-12-18,1
2006-12-19,1
2006-12-20,1
2006-12-21,1
2006-12-22,0
2006-12-26,0
2006-12-27,0
2006-12-28,0
2006-12-29,0
2007-01-03,0
2007-01-04,0
2007-01-05,0
2007-01-08,0
2007-01-09,0
2007-01-10,0
2007-01-11,1
2007-01-12,0
2007-01-16,0
2007-01-17,0
2007-01-18,0
2007-01-19,0
2007-01-22,0
2007-01-23,1
2007-01-24,1
2007-01-25,1
2007-01-26,1
2007-01-29,1
2007-01-30,1
2007-01-31,1
2007-02-01,1
2007-02-02,1
2007-02-05,1
2007-02-06,1
2007-02-07,1
2007-02-08,1
2007-02-09,1
2007-02-12,1
2007-02-13,1
2007-02-14,1
2007-02-15,1
2007-02-16,1
2007-02-20,1
2007-02-21,0
2007-02-22,0
2007-02-23,0
2007-02-26,0
2007-02-27,0
2007-02-28,0
2007-03-01,0
2007-03-02,0
2007-03-05,1
2007-03-06,1
2007-03-07,1
2007-03-08,1
2007-03-09,0
2007-03-12,0
2007-03-13,0
2007-03-14,1
2007-03-15,1
2007-03-16,1
2007-03-19,1
2007-03-20,1
2007-03-21,1
2007-03-22,1
2007-03-23,1
2007-03-26,1
2007-03-27,1
2007-03-28,1
2007-03-29,1
2007-03-30,1
2007-04-02,1
2007-04-03,1
2007-04-04,1
2007-04-05,1
2007-04-09,1
2007-04-10,1
2007-04-11,1
2007-04-12,1
2007-04-13,1
2007-04-16,1
2007-04-17,1
2007-04-18,1
2007-04-19,1
2007-04-20,1
2007-04-23,1
2007-04-24,1
2007-04-25,1
2007-04-26,1
2007-04-27,1
2007-04-30,1
2007-05-01,1
2007-05-02,1
2007-05-03,1
2007-05-04,0
2007-05-07,1
2007-05-08,0
2007-05-09,0
2007-05-10,0
2007-05-11,1
2007-05-14,1
2007-05-15,1
2007-05-16,1
2007-05-17,1
2007-05-18,1
2007-05-21,1
2007-05-22,1
2007-05-23,1
2007-05-24,1
2007-05-25,1
2007-05-29,1
2007-05-30,1
2007-05-31,1
2007-06-01,1
2007-06-04,1
2007-06-05,1
2007-06-06,1
2007-06-07,1
2007-06-08,0
2007-06-11,0
2007-06-12,0
2007-06-13,0
2007-06-14,0
2007-06-15,0
2007-06-18,0
2007-06-19,0
2007-06-20,0
2007-06-21,0
2007-06-22,0
2007-06-25,0
2007-06-26,1
2007-06-27,1
2007-06-28,1
2007-06-29,1
2007-07-02,1
2007-07-03,1
2007-07-05,1
2007-07-06,1
2007-07-09,1
2007-07-10,1
2007-07-11,1
2007-07-12,1
2007-07-13,1
2007-07-16,1
2007-07-17,0
2007-07-18,1
2007-07-19,1
2007-07-20,1
2007-07-23,1
2007-07-24,1
2007-07-25,1
2007-07-26,1
2007-07-27,0
2007-07-30,0
2007-07-31,0
2007-08-01,0
2007-08-02,0
2007-08-03,0
2007-08-06,0
2007-08-07,0
2007-08-08,0
2007-08-09,0
2007-08-10,0
2007-08-13,0
2007-08-14,0
2007-08-15,1
2007-08-16,1
2007-08-17,1
2007-08-20,1
2007-08-21,1
2007-08-22,1
2007-08-23,1
2007-08-24,1
2007-08-27,1
2007-08-28,1
2007-08-29,1
2007-08-30,1
2007-08-31,1
2007-09-04,1
2007-09-05,1
2007-09-06,1
2007-09-07,1
2007-09-10,1
2007-09-11,1
2007-09-12,1
2007-09-13,1
2007-09-14,1
2007-09-17,1
2007-09-18,1
2007-09-19,1
2007-09-20,1
2007-09-21,1
2007-09-24,1
2007-09-25,1
2007-09-26,1
2007-09-27,0
2007-09-28,0
2007-10-01,0
2007-10-02,1
2007-10-03,1
2007-10-04,1
2007-10-05,1
2007-10-08,0
2007-10-09,0
2007-10-10,0
2007-10-11,0
2007-10-12,0
2007-10-15,0
2007-10-16,1
2007-10-17,1
2007-10-18,1
2007-10-19,1
2007-10-22,1
2007-10-23,0
2007-10-24,0
2007-10-25,0
2007-10-26,0
2007-10-29,0
2007-10-30,0
2007-10-31,0
2007-11-01,0
2007-11-02,0
2007-11-05,0
2007-11-06,0
2007-11-07,0
2007-11-08,0
2007-11-09,0
2007-11-12,0
2007-11-13,0
2007-11-14,0
2007-11-15,1
2007-11-16,1
2007-11-19,1
2007-11-20,1
2007-11-21,1
2007-11-23,1
2007-11-26,1
2007-11-27,1
